owner,repo,,,,,,,,,,,,,,
deepdiy,deepdiy,,,,,,,,,,,,,,huggingface/transformers
NREL,phygnn,,,,,,,,,,,,,,pytorch/pytorch
Oslandia,deeposlandia,,,,,,,,,,,,,,keras-team/keras
udacity,RoboND-DeepLearning-Project,,,,,,,,,,,,,,deepfakes/faceswap
oval-group,dfw,,,,,,,,,,,,,,facebookresearch/fairseq
IBM,inFairness,,,,,,,,,,,,,,google/jax
brandontrabucco,design-bench,,,,,,,,,,,,,,lutzroeder/netron
CRBS,cdeep3m,,,,,,,,,,,,,,academic/awesome-datascience
hcji,PyFingerprint,,,,,,,,,,,,,,PaddlePaddle/Paddle
XinshaoAmosWang,ProSelfLC-AT,,,,,,,,,,,,,,HumanSignal/labelImg
imperial-qore,COSCO,,,,,,,,,,,,,,shap/shap
debrajhyper,Topic_Learning_Resources,,,,,,,,,,,,,,tinygrad/tinygrad
maxmekiska,Imbrium,,,,,,,,,,,,,,pyg-team/pytorch_geometric
tensorly,torch,,,,,,,,,,,,,,Tencent/ncnn
amd,ZenDNN,,,,,,,,,,,,,,microsoft/CNTK
Heldenkombinat,Logodetect,,,,,,,,,,,,,,recommenders-team/recommenders
HamadYA,GhostFaceNets,,,,,,,,,,,,,,onnx/onnx
rundherum,pymia,,,,,,,,,,,,,,lucidrains/vit-pytorch
MLRG-CEFET-RJ,stconvs2s,,,,,,,,,,,,,,coqui-ai/TTS
AlturosDestinations,Alturos.ImageAnnotation,,,,,,,,,,,,,,ml-tooling/best-of-ml-python
kimmo1019,Roundtrip,,,,,,,,,,,,,,EthicalML/awesome-production-machine-learning
NREL,nfp,,,,,,,,,,,,,,microsoft/nni
kailaix,ADSeismic.jl,,,,,,,,,,,,,,dmlc/dgl
jomjol,neural-network-digital-counter-readout,,,,,,,,,,,,,,rasbt/python-machine-learning-book
nict-wisdom,rannc,,,,,,,,,,,,,,alexjc/neural-enhance
saforem2,l2hmc-qcd,,,,,,,,,,,,,,AaronFeng753/Waifu2x-Extension-GUI
eora-ai,torchok,,,,,,,,,,,,,,
YukeWang96,GNNAdvisor_OSDI21,,,,,,,,,,,,,,
kundajelab,chrombpnet,,,,,,,,,,,,,,
DigitalGrainSize,SediNet,,,,,,,,,,,,,,
guildai,_guild-legacy,,,,,,,,,,,,,,
fvalka,atc-reinforcement-learning,,,,,,,,,,,,,,
lacmus-foundation,lacmus-app,,,,,,,,,,,,,,
kmader,Quantitative-Big-Imaging-2018,,,,,,,,,,,,,,
mala-project,mala,,,,,,,,,,,,,,
unifyai,gym,,,,,,,,,,,,,,
mmphego,face_mask_detection_openvino,,,,,,,,,,,,,,
SvenBecker,vscode-pytorch,,,,,,,,,,,,,,
jolibrain,livedetect,,,,,,,,,,,,,,
jarrellmark,ai_upscaler_for_blender,,,,,,,,,,,,,,
raspstephan,CBRAIN-CAM,,,,,,,,,,,,,,
kristinbranson,APT,,,,,,,,,,,,,,
rakutentech,stAdv,,,,,,,,,,,,,,
BirdVox,birdvoxdetect,,,,,,,,,,,,,,
jsbruglie,gap,,,,,,,,,,,,,,
jmschrei,torchegranate,,,,,,,,,,,,,,
MaximIntegratedAI,ai8x-training,,,,,,,,,,,,,,
BioSystemsUM,DeepMol,,,,,,,,,,,,,,
Nicholasli1995,VisualizingNDF,,,,,,,,,,,,,,
zggg1p,A-Domain-Adaption-Transfer-Learning-Bearing-Fault-Diagnosis-Model-Based-on-Wide-Convolution-Deep-Neu,,,,,,,,,,,,,,
TuragaLab,DECODE,,,,,,,,,,,,,,
castorini,honkling,,,,,,,,,,,,,,
Geethen,geeml,,,,,,,,,,,,,,
peizhenbai,DrugBAN,,,,,,,,,,,,,,
CDDLeiden,DrugEx,,,,,,,,,,,,,,
jnlt3,blackmarlin,,,,,,,,,,,,,,
zackbatist,open-archaeo,,,,,,,,,,,,,,
IBM,simulai,,,,,,,,,,,,,,
jhu-lcsr,costar_plan,,,,,,,,,,,,,,
JuliaPOMDP,DeepQLearning.jl,,,,,,,,,,,,,,
rindow,rindow-neuralnetworks,,,,,,,,,,,,,,
StanfordASL,hj_reachability,,,,,,,,,,,,,,
chncwang,InsNet,,,,,,,,,,,,,,
huzongxiang,MatDGL,,,,,,,,,,,,,,
doriguzzi,lucid-ddos,,,,,,,,,,,,,,
vocalpy,vak,,,,,,,,,,,,,,
kurtschelfthout,tensorken,,,,,,,,,,,,,,
a-n-rose,Python-Sound-Tool,,,,,,,,,,,,,,
ambianic,fall-detection,,,,,,,,,,,,,,
ENSTA-U2IS,torch-uncertainty,,,,,,,,,,,,,,
tensordot,syntaxdot,,,,,,,,,,,,,,
famura,SimuRLacra,,,,,,,,,,,,,,
emer,leabra,,,,,,,,,,,,,,
ethz-pes,AI-mag,,,,,,,,,,,,,,
lanagarmire,deepimpute,,,,,,,,,,,,,,
pytorchfi,pytorchfi,,,,,,,,,,,,,,
Fontinalis,fonet,,,,,,,,,,,,,,
PrincetonUniversity,PsyNeuLink,,,,,,,,,,,,,,
online-ml,deep-river,,,,,,,,,,,,,,
guicho271828,latplan,,,,,,,,,,,,,,
delve-team,delve,,,,,,,,,,,,,,
yzhuoning,LibAUC,,,,,,,,,,,,,,
tcapelle,termGPT,,,,,,,,,,,,,,
learningOrchestra,mlToolKits,,,,,,,,,,,,,,
JulesBelveze,bert-squeeze,,,,,,,,,,,,,,
GuitarML,Chameleon,,,,,,,,,,,,,,
DlutMedimgGroup,AnatomySketch-Software,,,,,,,,,,,,,,
yuyq96,D-TDNN,,,,,,,,,,,,,,
AllanYiin,trident,,,,,,,,,,,,,,
BigDataBiology,SemiBin,,,,,,,,,,,,,,
april-org,april-ann,,,,,,,,,,,,,,
pyprob,ppx,,,,,,,,,,,,,,
Project-DC,pygeneses,,,,,,,,,,,,,,
calico,solo,,,,,,,,,,,,,,
JanPalasek,ulozto-captcha-breaker,,,,,,,,,,,,,,
ariG23498,G-SimCLR,,,,,,,,,,,,,,
IBM,MAX-Image-Caption-Generator-Web-App,,,,,,,,,,,,,,
LLNL,Aluminum,,,,,,,,,,,,,,
bio-ontology-research-group,deepgoplus,,,,,,,,,,,,,,
canturan10,satellighte,,,,,,,,,,,,,,
kailaix,AdFem.jl,,,,,,,,,,,,,,
PopicLab,cue,,,,,,,,,,,,,,
arpastrana,jax_fdm,,,,,,,,,,,,,,
maddin79,darch,,,,,,,,,,,,,,
ai4iacts,hexagdly,,,,,,,,,,,,,,
fzi-forschungszentrum-informatik,TSInterpret,,,,,,,,,,,,,,
jisungk,RIDDLE,,,,,,,,,,,,,,
ZJUFanLab,scDeepSort,,,,,,,,,,,,,,
sony,nnabla-ext-cuda,,,,,,,,,,,,,,
Tony-Y,cgnn,,,,,,,,,,,,,,
coreylammie,MemTorch,,,,,,,,,,,,,,
sustainlab-group,africa_poverty,,,,,,,,,,,,,,
fhalab,MLDE,,,,,,,,,,,,,,
zabaras,transformer-physx,,,,,,,,,,,,,,
maikherbig,AIDeveloper,,,,,,,,,,,,,,
PaddlePaddle,PaddleDTX,,,,,,,,,,,,,,
weberlab-hhu,Helixer,,,,,,,,,,,,,,
nischi,MMM-Face-Reco-DNN,,,,,,,,,,,,,,
cansik,deep-vision-processing,,,,,,,,,,,,,,
sentinel-hub,eo-flow,,,,,,,,,,,,,,
slimgroup,JUDI.jl,,,,,,,,,,,,,,
ytarazona,scikit-eo,,,,,,,,,,,,,,
JuliaTrustworthyAI,CounterfactualExplanations.jl,,,,,,,,,,,,,,
verivital,nnv,,,,,,,,,,,,,,
aimat-lab,gcnn_keras,,,,,,,,,,,,,,
sunglasses-ai,classy,,,,,,,,,,,,,,
octree-nn,ocnn-pytorch,,,,,,,,,,,,,,
GustikS,NeuraLogic,,,,,,,,,,,,,,
Starlitnightly,omicverse,,,,,,,,,,,,,,
TexasInstruments,edgeai-tidl-tools,,,,,,,,,,,,,,
shyamsn97,hyper-nn,,,,,,,,,,,,,,
gizatechxyz,orion,,,,,,,,,,,,,,
IGNF,myria3d,,,,,,,,,,,,,,
master,tensorflow-riemopt,,,,,,,,,,,,,,
FreshAirTonight,af2complex,,,,,,,,,,,,,,
LLNL,merlin,,,,,,,,,,,,,,
tensordiffeq,TensorDiffEq,,,,,,,,,,,,,,
Merck,deepbgc,,,,,,,,,,,,,,
MLRichter,receptive_field_analysis_toolbox,,,,,,,,,,,,,,
biocore,mmvec,,,,,,,,,,,,,,
RubixML,Sentiment,,,,,,,,,,,,,,
ivannz,cplxmodule,,,,,,,,,,,,,,
NVIDIA-Genomics-Research,AtacWorks,,,,,,,,,,,,,,
p2irc,deepplantphenomics,,,,,,,,,,,,,,
pykt-team,pykt-toolkit,,,,,,,,,,,,,,
mitmedialab,sherlock-project,,,,,,,,,,,,,,
royerlab,aydin,,,,,,,,,,,,,,
bhrnjica,anndotnet,,,,,,,,,,,,,,
selflein,GraphNN-Multi-Object-Tracking,,,,,,,,,,,,,,
ThinkingTransistor,Sigma,,,,,,,,,,,,,,
VerisimilitudeX,DNAnalyzer,,,,,,,,,,,,,,
jump-cellpainting,datasets,,,,,,,,,,,,,,
cosmoquester,2021-dialogue-summary-competition,,,,,,,,,,,,,,
PKU-DAIR,SGL,,,,,,,,,,,,,,
BUPT-GAMMA,GammaGL,,,,,,,,,,,,,,
pralab,secml,,,,,,,,,,,,,,
BeTomorrow,ReImproveJS,,,,,,,,,,,,,,
FluxML,MLJFlux.jl,,,,,,,,,,,,,,
yconst,YCML,,,,,,,,,,,,,,
xavctn,img2table,,,,,,,,,,,,,,
qigitphannover,DeepQuantumNeuralNetworks,,,,,,,,,,,,,,
jdermody,brightwire,,,,,,,,,,,,,,
molML,MoleculeACE,,,,,,,,,,,,,,
nalexai,hyperlib,,,,,,,,,,,,,,
Photon-AI-Research,NeuralSolvers,,,,,,,,,,,,,,
leverxgroup,esrgan,,,,,,,,,,,,,,
xuhongzuo,DeepOD,,,,,,,,,,,,,,
materialsvirtuallab,matgl,,,,,,,,,,,,,,
sony,nnabla-rl,,,,,,,,,,,,,,
JuliaPlots,RecipesBase.jl,,,,,,,,,,,,,,
ertis-research,kafka-ml,,,,,,,,,,,,,,
axondeepseg,axondeepseg,,,,,,,,,,,,,,
lancopku,meProp,,,,,,,,,,,,,,
PhosphorylatedRabbits,paperscraper,,,,,,,,,,,,,,
Living-with-machines,DeezyMatch,,,,,,,,,,,,,,
IBM,MAX-Object-Detector-Web-App,,,,,,,,,,,,,,
TomGeorge1234,RatInABox,,,,,,,,,,,,,,
rjbruin,flexconv,,,,,,,,,,,,,,
kedz,nnsum,,,,,,,,,,,,,,
can-lehmann,exprgrad,,,,,,,,,,,,,,
greenelab,SPRINT_gan,,,,,,,,,,,,,,
CompCogNeuro,sims,,,,,,,,,,,,,,
juexinwang,scGNN,,,,,,,,,,,,,,
kwsou,video2x,,,,,,,,,,,,,,
hsf-training,PyHEP-resources,,,,,,,,,,,,,,
weecology,NeonTreeEvaluation,,,,,,,,,,,,,,
dfdx,Avalon.jl,,,,,,,,,,,,,,
lava-nc,lava-dl,,,,,,,,,,,,,,
Rishit-dagli,Gradient-Centralization-TensorFlow,,,,,,,,,,,,,,
larq,zoo,,,,,,,,,,,,,,
ziatdinovmax,gpax,,,,,,,,,,,,,,
red-data-tools,red-chainer,,,,,,,,,,,,,,
HKU-BAL,Clair,,,,,,,,,,,,,,
intel,ros_openvino_toolkit,,,,,,,,,,,,,,
microsoft,MT-DNN,,,,,,,,,,,,,,
usnistgov,alignn,,,,,,,,,,,,,,
deepmind,jmp,,,,,,,,,,,,,,
auDeep,auDeep,,,,,,,,,,,,,,
intel,ros2_openvino_toolkit,,,,,,,,,,,,,,
divelab,GOOD,,,,,,,,,,,,,,
kdgutier,esrnn_torch,,,,,,,,,,,,,,
deepakkumar1984,MxNet.Sharp,,,,,,,,,,,,,,
RelationRx,pyrelational,,,,,,,,,,,,,,
LINCellularNeuroscience,VAME,,,,,,,,,,,,,,
tidymodels,embed,,,,,,,,,,,,,,
pranftw,neograd,,,,,,,,,,,,,,
tensorflow,ngraph-bridge,,,,,,,,,,,,,,
DanRuta,jsNet,,,,,,,,,,,,,,
valeoai,BF3S,,,,,,,,,,,,,,
aramis-lab,clinicadl,,,,,,,,,,,,,,
minerva-ml,steppy,,,,,,,,,,,,,,
botkop,scorch,,,,,,,,,,,,,,
sigsep,sigsep-mus-db,,,,,,,,,,,,,,
faroit,CountNet,,,,,,,,,,,,,,
kozistr,pytorch_optimizer,,,,,,,,,,,,,,
DeepRank,deeprank,,,,,,,,,,,,,,
cangermueller,deepcpg,,,,,,,,,,,,,,
kkirchheim,pytorch-ood,,,,,,,,,,,,,,
james34602,SpleeterRT,,,,,,,,,,,,,,
EmergentOrder,onnx-scala,,,,,,,,,,,,,,
mzjb,DeepH-pack,,,,,,,,,,,,,,
NRCan,geo-deep-learning,,,,,,,,,,,,,,
TorchSpatiotemporal,tsl,,,,,,,,,,,,,,
joaopauloschuler,k-neural-api,,,,,,,,,,,,,,
decile-team,distil,,,,,,,,,,,,,,
mathLab,PINA,,,,,,,,,,,,,,
ViCCo-Group,thingsvision,,,,,,,,,,,,,,
softmatterlab,DeepTrack2,,,,,,,,,,,,,,
slimgroup,InvertibleNetworks.jl,,,,,,,,,,,,,,
diningphil,PyDGN,,,,,,,,,,,,,,
stulp,dmpbbo,,,,,,,,,,,,,,
selimamrouni,Deep-Portfolio-Management-Reinforcement-Learning,,,,,,,,,,,,,,
PaddlePaddle,InterpretDL,,,,,,,,,,,,,,
tailhq,DynaML,,,,,,,,,,,,,,
huseinzol05,malaya-speech,,,,,,,,,,,,,,
pfnet-research,pfhedge,,,,,,,,,,,,,,
dividiti,ck-caffe,,,,,,,,,,,,,,
dccuchile,CC6205,,,,,,,,,,,,,,
aramis-lab,clinica,,,,,,,,,,,,,,
BiomedSciAI,histocartography,,,,,,,,,,,,,,
jensleitloff,CNN-Sentinel,,,,,,,,,,,,,,
torcheeg,torcheeg,,,,,,,,,,,,,,
Hecate2,Ignareo-ISML-auto-voter,,,,,,,,,,,,,,
nasa,delta,,,,,,,,,,,,,,
stefanradev93,BayesFlow,,,,,,,,,,,,,,
henrysky,astroNN,,,,,,,,,,,,,,
botkop,numsca,,,,,,,,,,,,,,
AI4EPS,PhaseNet,,,,,,,,,,,,,,
awslabs,realtime-fraud-detection-with-gnn-on-dgl,,,,,,,,,,,,,,
RootHarold,Lycoris,,,,,,,,,,,,,,
nlpodyssey,cybertron,,,,,,,,,,,,,,
NeuraLegion,shainet,,,,,,,,,,,,,,
SciML,NeuralOperators.jl,,,,,,,,,,,,,,
chaosprint,RaveForce,,,,,,,,,,,,,,
cair,deep-rts,,,,,,,,,,,,,,
imjoy-team,ImJoy,,,,,,,,,,,,,,
materialsvirtuallab,m3gnet,,,,,,,,,,,,,,
nabeel-oz,qlik-py-tools,,,,,,,,,,,,,,
kevinjliang,tf-Faster-RCNN,,,,,,,,,,,,,,
jaywonchung,reason,,,,,,,,,,,,,,
OHDSI,PatientLevelPrediction,,,,,,,,,,,,,,
aquaskyline,Clairvoyante,,,,,,,,,,,,,,
vdemichev,DiaNN,,,,,,,,,,,,,,
lucidrains,simple-hierarchical-transformer,,,,,,,,,,,,,,
zhongkaifu,Seq2SeqSharp,,,,,,,,,,,,,,
elasticdeeplearning,edl,,,,,,,,,,,,,,
CarloLucibello,GraphNeuralNetworks.jl,,,,,,,,,,,,,,
bioinform,neusomatic,,,,,,,,,,,,,,
r-three,git-theta,,,,,,,,,,,,,,
tanakamasayuki,Arduino_TensorFlowLite_ESP32,,,,,,,,,,,,,,
sayakpaul,Adventures-in-TensorFlow-Lite,,,,,,,,,,,,,,
thilowrona,seismic_deep_learning,,,,,,,,,,,,,,
blobcity,autoai,,,,,,,,,,,,,,
jyhmiinlin,pynufft,,,,,,,,,,,,,,
matajoh,fourier_feature_nets,,,,,,,,,,,,,,
pycroscopy,atomai,,,,,,,,,,,,,,
dynamicslab,pykoopman,,,,,,,,,,,,,,
Somnibyte,MLKit,,,,,,,,,,,,,,
massquantity,LibRecommender,,,,,,,,,,,,,,
tomas-gajarsky,facetorch,,,,,,,,,,,,,,
enlite-ai,maze,,,,,,,,,,,,,,
LukasZahradnik,PyNeuraLogic,,,,,,,,,,,,,,
crypti,cryptocurrencies,,,,,,,,,,,,,,
OmicsML,dance,,,,,,,,,,,,,,
ContextLab,human-memory,,,,,,,,,,,,,,
upb-lea,gym-electric-motor,,,,,,,,,,,,,,
shibing624,dialogbot,,,,,,,,,,,,,,
alshedivat,keras-gp,,,,,,,,,,,,,,
analysiscenter,cardio,,,,,,,,,,,,,,
awslabs,Renate,,,,,,,,,,,,,,
neuralhydrology,neuralhydrology,,,,,,,,,,,,,,
ml-struct-bio,cryodrgn,,,,,,,,,,,,,,
javier-hernandezo,FaceQnet,,,,,,,,,,,,,,
darkonhub,darkon,,,,,,,,,,,,,,
GitHub-HongweiZhang,prediction-flow,,,,,,,,,,,,,,
asdfjkl,neural_network_chess,,,,,,,,,,,,,,
larq,compute-engine,,,,,,,,,,,,,,
mfinzi,equivariant-MLP,,,,,,,,,,,,,,
hpi-xnor,BMXNet-v2,,,,,,,,,,,,,,
asmirnou,watsor,,,,,,,,,,,,,,
IBM,aihwkit,,,,,,,,,,,,,,
NervanaSystems,he-transformer,,,,,,,,,,,,,,
adapt-python,adapt,,,,,,,,,,,,,,
sassoftware,python-dlpy,,,,,,,,,,,,,,
galeone,dynamic-training-bench,,,,,,,,,,,,,,
LLNL,lbann,,,,,,,,,,,,,,
auxten,go-ctr,,,,,,,,,,,,,,
QueensGambit,CrazyAra,,,,,,,,,,,,,,
Thinklab-SJTU,pygmtools,,,,,,,,,,,,,,
Swift-AI,NeuralNet,,,,,,,,,,,,,,
idstcv,ZenNAS,,,,,,,,,,,,,,
DataCanvasIO,HyperTS,,,,,,,,,,,,,,
lukasturcani,stk,,,,,,,,,,,,,,
AllenInstitute,deepinterpolation,,,,,,,,,,,,,,
ashutosh1919,explainable-cnn,,,,,,,,,,,,,,
lmnt-com,haste,,,,,,,,,,,,,,
bethgelab,model-vs-human,,,,,,,,,,,,,,
NVIDIA,modulus,,,,,,,,,,,,,,
evilsocket,ergo,,,,,,,,,,,,,,
Bluefog-Lib,bluefog,,,,,,,,,,,,,,
neuralmagic,sparsify,,,,,,,,,,,,,,
BethanyL,DeepKoopman,,,,,,,,,,,,,,
MarcusOlivecrona,REINVENT,,,,,,,,,,,,,,
mc2-project,mc2,,,,,,,,,,,,,,
zhongkaifu,RNNSharp,,,,,,,,,,,,,,
HiLab-git,PyMIC,,,,,,,,,,,,,,
sony,nnabla-examples,,,,,,,,,,,,,,
LaurentMazare,tensorflow-ocaml,,,,,,,,,,,,,,
isaaccorley,torchrs,,,,,,,,,,,,,,
trackmania-rl,tmrl,,,,,,,,,,,,,,
histolab,histolab,,,,,,,,,,,,,,
reservoirpy,reservoirpy,,,,,,,,,,,,,,
EFS-OpenSource,calibration-framework,,,,,,,,,,,,,,
martinsbruveris,tensorflow-image-models,,,,,,,,,,,,,,
dcmartin,motion-ai,,,,,,,,,,,,,,
materialsvirtuallab,maml,,,,,,,,,,,,,,
analysiscenter,pydens,,,,,,,,,,,,,,
cvjena,semantic-embeddings,,,,,,,,,,,,,,
kailaix,ADCME.jl,,,,,,,,,,,,,,
HorizonRobotics,alf,,,,,,,,,,,,,,
huan,node-facenet,,,,,,,,,,,,,,
aiqm,torchani,,,,,,,,,,,,,,
FrancescoSaverioZuppichini,glasses,,,,,,,,,,,,,,
achaiah,pywick,,,,,,,,,,,,,,
interpretml,interpret-community,,,,,,,,,,,,,,
nschaetti,EchoTorch,,,,,,,,,,,,,,
LaurentMazare,ocaml-torch,,,,,,,,,,,,,,
e-sensing,sits,,,,,,,,,,,,,,
SciSharp,SiaNet,,,,,,,,,,,,,,
interpretml,interpret-text,,,,,,,,,,,,,,
frankkramer-lab,MIScnn,,,,,,,,,,,,,,
3DiVi,nuitrack-sdk,,,,,,,,,,,,,,
TimDettmers,sparse_learning,,,,,,,,,,,,,,
opencog,link-grammar,,,,,,,,,,,,,,
Aquila-Network,AquilaDB,,,,,,,,,,,,,,
DmitryRyumin,INTERSPEECH-2023-Papers,,,,,,,,,,,,,,
osai-ai,tensor-stream,,,,,,,,,,,,,,
iMoonLab,DeepHypergraph,,,,,,,,,,,,,,
JordiCorbilla,stock-prediction-deep-neural-learning,,,,,,,,,,,,,,
smistad,FAST,,,,,,,,,,,,,,
AlexImmer,Laplace,,,,,,,,,,,,,,
FunctionLab,selene,,,,,,,,,,,,,,
aamini,evidential-deep-learning,,,,,,,,,,,,,,
phuselab,pyVHR,,,,,,,,,,,,,,
EricSteinberger,PokerRL,,,,,,,,,,,,,,
LuxDL,Lux.jl,,,,,,,,,,,,,,
FluxML,GeometricFlux.jl,,,,,,,,,,,,,,
DeepBCI,Deep-BCI,,,,,,,,,,,,,,
lmjohns3,theanets,,,,,,,,,,,,,,
kengz,openai_lab,,,,,,,,,,,,,,
NeuromorphicProcessorProject,snn_toolbox,,,,,,,,,,,,,,
dmmiller612,sparktorch,,,,,,,,,,,,,,
modern-fortran,neural-fortran,,,,,,,,,,,,,,
IntelLabs,bayesian-torch,,,,,,,,,,,,,,
talmolab,sleap,,,,,,,,,,,,,,
WwZzz,easyFL,,,,,,,,,,,,,,
anish-lakkapragada,SeaLion,,,,,,,,,,,,,,
ymgaq,AQ,,,,,,,,,,,,,,
yongzhuo,Macadam,,,,,,,,,,,,,,
neuralmagic,sparsezoo,,,,,,,,,,,,,,
LongmaoTeamTf,deep_recommenders,,,,,,,,,,,,,,
iml-wg,HEP-ML-Resources,,,,,,,,,,,,,,
odlgroup,odl,,,,,,,,,,,,,,
deepmind,clrs,,,,,,,,,,,,,,
joaopauloschuler,neural-api,,,,,,,,,,,,,,
Esri,deep-learning-frameworks,,,,,,,,,,,,,,
mmaaz60,EdgeNeXt,,,,,,,,,,,,,,
microsoft,causica,,,,,,,,,,,,,,
sebastian-lapuschkin,lrp_toolbox,,,,,,,,,,,,,,
Kaleidophon,deep-significance,,,,,,,,,,,,,,
robmarkcole,fire-detection-from-images,,,,,,,,,,,,,,
allenai,allennlp-models,,,,,,,,,,,,,,
google,qkeras,,,,,,,,,,,,,,
qiskit-community,qiskit-machine-learning,,,,,,,,,,,,,,
zama-ai,concrete-ml,,,,,,,,,,,,,,
thieu1995,mealpy,,,,,,,,,,,,,,
google,caliban,,,,,,,,,,,,,,
ONNC,onnc,,,,,,,,,,,,,,
PaddlePaddle,Quantum,,,,,,,,,,,,,,
jaredleekatzman,DeepSurv,,,,,,,,,,,,,,
pasky,pachi,,,,,,,,,,,,,,
deel-ai,xplique,,,,,,,,,,,,,,
G-U-N,PyCIL,,,,,,,,,,,,,,
stephenhky,PyShortTextCategorization,,,,,,,,,,,,,,
LPDI-EPFL,masif,,,,,,,,,,,,,,
gnina,gnina,,,,,,,,,,,,,,
memo,ofxMSATensorFlow,,,,,,,,,,,,,,
materialsvirtuallab,megnet,,,,,,,,,,,,,,
richmondu,libfaceid,,,,,,,,,,,,,,
leondgarse,keras_cv_attention_models,,,,,,,,,,,,,,
f-dangel,cockpit,,,,,,,,,,,,,,
IBM,federated-learning-lib,,,,,,,,,,,,,,
EdisonLeeeee,GraphGallery,,,,,,,,,,,,,,
MolecularAI,aizynthfinder,,,,,,,,,,,,,,
supervisely,supervisely,,,,,,,,,,,,,,
zomux,deepy,,,,,,,,,,,,,,
metaopt,torchopt,,,,,,,,,,,,,,
dso-org,deep-symbolic-optimization,,,,,,,,,,,,,,
WenjieDu,PyPOTS,,,,,,,,,,,,,,
OpenRL-Lab,openrl,,,,,,,,,,,,,,
kk7nc,RMDL,,,,,,,,,,,,,,
anttttti,Wordbatch,,,,,,,,,,,,,,
ufal,neuralmonkey,,,,,,,,,,,,,,
torchmd,torchmd,,,,,,,,,,,,,,
MegEngine,MegCC,,,,,,,,,,,,,,
baldassarreFe,deep-koalarization,,,,,,,,,,,,,,
PistonY,torch-toolbox,,,,,,,,,,,,,,
understandable-machine-intelligence-lab,Quantus,,,,,,,,,,,,,,
clovaai,AdamP,,,,,,,,,,,,,,
carefree0910,carefree-learn,,,,,,,,,,,,,,
openspeech-team,openspeech,,,,,,,,,,,,,,
tensorlayer,RLzoo,,,,,,,,,,,,,,
thunlp,OpenAttack,,,,,,,,,,,,,,
chainer,chainer-chemistry,,,,,,,,,,,,,,
DataCanvasIO,DeepTables,,,,,,,,,,,,,,
abdallahdib,NextFace,,,,,,,,,,,,,,
Xilinx,finn,,,,,,,,,,,,,,
yunabe,tslab,,,,,,,,,,,,,,
braindecode,braindecode,,,,,,,,,,,,,,
SciSharp,Keras.NET,,,,,,,,,,,,,,
GRAAL-Research,poutyne,,,,,,,,,,,,,,
aspuru-guzik-group,selfies,,,,,,,,,,,,,,
benedekrozemberczki,awesome-monte-carlo-tree-search-papers,,,,,,,,,,,,,,
norse,norse,,,,,,,,,,,,,,
yingkaisha,keras-unet-collection,,,,,,,,,,,,,,
SforAiDl,KD_Lib,,,,,,,,,,,,,,
NVIDIA,Dataset_Synthesizer,,,,,,,,,,,,,,
SMILELab-FL,FedLab,,,,,,,,,,,,,,
QUVA-Lab,e2cnn,,,,,,,,,,,,,,
sooftware,kospeech,,,,,,,,,,,,,,
zkonduit,ezkl,,,,,,,,,,,,,,
lucidrains,nuwa-pytorch,,,,,,,,,,,,,,
RobustBench,robustbench,,,,,,,,,,,,,,
ucb-bar,gemmini,,,,,,,,,,,,,,
AgnostiqHQ,covalent,,,,,,,,,,,,,,
Xpitfire,symbolicai,,,,,,,,,,,,,,
rusty1s,pytorch_cluster,,,,,,,,,,,,,,
inspirehep,magpie,,,,,,,,,,,,,,
larq,larq,,,,,,,,,,,,,,
havakv,pycox,,,,,,,,,,,,,,
openvinotoolkit,nncf,,,,,,,,,,,,,,
AstraZeneca,chemicalx,,,,,,,,,,,,,,
microsoft,O-CNN,,,,,,,,,,,,,,
TsingZ0,PFL-Non-IID,,,,,,,,,,,,,,
ritchieng,deep-learning-wizard,,,,,,,,,,,,,,
atomistic-machine-learning,schnetpack,,,,,,,,,,,,,,
198808xc,Pangu-Weather,,,,,,,,,,,,,,
cerndb,dist-keras,,,,,,,,,,,,,,
awslabs,dgl-lifesci,,,,,,,,,,,,,,
safe-graph,DGFraud,,,,,,,,,,,,,,
tum-pbs,PhiFlow,,,,,,,,,,,,,,
jax-md,jax-md,,,,,,,,,,,,,,
NVIDIA-AI-IOT,redtail,,,,,,,,,,,,,,
nfstream,nfstream,,,,,,,,,,,,,,
ayoolaolafenwa,PixelLib,,,,,,,,,,,,,,
yoshitomo-matsubara,torchdistill,,,,,,,,,,,,,,
GuitarML,NeuralPi,,,,,,,,,,,,,,
deepmedic,deepmedic,,,,,,,,,,,,,,
awslabs,multi-model-server,,,,,,,,,,,,,,
benedekrozemberczki,awesome-gradient-boosting-papers,,,,,,,,,,,,,,
movidius,ncappzoo,,,,,,,,,,,,,,
fastmachinelearning,hls4ml,,,,,,,,,,,,,,
keunwoochoi,kapre,,,,,,,,,,,,,,
getkeops,keops,,,,,,,,,,,,,,
a-r-j,graphein,,,,,,,,,,,,,,
mit-han-lab,torchsparse,,,,,,,,,,,,,,
ROCmSoftwarePlatform,MIOpen,,,,,,,,,,,,,,
mila-iqia,fuel,,,,,,,,,,,,,,
huawei-noah,bolt,,,,,,,,,,,,,,
intel,caffe,,,,,,,,,,,,,,
LAMDA-NJU,Deep-Forest,,,,,,,,,,,,,,
dusty-nv,jetson-reinforcement,,,,,,,,,,,,,,
youngfish42,Awesome-FL,,,,,,,,,,,,,,
microsoft,AI,,,,,,,,,,,,,,
UKPLab,emnlp2017-bilstm-cnn-crf,,,,,,,,,,,,,,
piEsposito,blitz-bayesian-deep-learning,,,,,,,,,,,,,,
huawei-noah,vega,,,,,,,,,,,,,,
kexinhuang12345,DeepPurpose,,,,,,,,,,,,,,
rstudio,keras,,,,,,,,,,,,,,
spiceai,spiceai,,,,,,,,,,,,,,
tinkoff-ai,etna,,,,,,,,,,,,,,
baal-org,baal,,,,,,,,,,,,,,
nengo,nengo,,,,,,,,,,,,,,
ThoughtWorksInc,DeepLearning.scala,,,,,,,,,,,,,,
deepforge-dev,deepforge,,,,,,,,,,,,,,
WangRongsheng,ChatGenTitle,,,,,,,,,,,,,,
libxsmm,libxsmm,,,,,,,,,,,,,,
itdxer,neupy,,,,,,,,,,,,,,
jeshraghian,snntorch,,,,,,,,,,,,,,
Thinklab-SJTU,ThinkMatch,,,,,,,,,,,,,,
PreferredAI,cornac,,,,,,,,,,,,,,
majianjia,nnom,,,,,,,,,,,,,,
jrieke,best-of-streamlit,,,,,,,,,,,,,,
PaddlePaddle,PaddleHelix,,,,,,,,,,,,,,
MisaOgura,flashtorch,,,,,,,,,,,,,,
sunlabuiuc,PyHealth,,,,,,,,,,,,,,
ceccocats,tkDNN,,,,,,,,,,,,,,
waylonflinn,weblas,,,,,,,,,,,,,,
tflearn,tflearn,,,,,,,,,,,,,,
ludwig-ai,ludwig,,,,,,,,,,,,,,
chroma-core,chroma,,,,,,,,,,,,,,
alibaba,MNN,,,,,,,,,,,,,,
yzhao062,pyod,,,,,,,,,,,,,,
lucidrains,imagen-pytorch,,,,,,,,,,,,,,
shenweichen,DeepCTR,,,,,,,,,,,,,,
espnet,espnet,,,,,,,,,,,,,,
satellite-image-deep-learning,techniques,,,,,,,,,,,,,,
lmcinnes,umap,,,,,,,,,,,,,,
facebookresearch,pytext,,,,,,,,,,,,,,
unit8co,darts,,,,,,,,,,,,,,
tensorpack,tensorpack,,,,,,,,,,,,,,
microsoft,nlp-recipes,,,,,,,,,,,,,,
NVIDIA,Megatron-LM,,,,,,,,,,,,,,
EleutherAI,gpt-neox,,,,,,,,,,,,,,
Swift-AI,Swift-AI,,,,,,,,,,,,,,
chainer,chainer,,,,,,,,,,,,,,
microsoft,MMdnn,,,,,,,,,,,,,,
tiny-dnn,tiny-dnn,,,,,,,,,,,,,,
interpretml,interpret,,,,,,,,,,,,,,
dmlc,gluon-cv,,,,,,,,,,,,,,
jeffheaton,t81_558_deep_learning,,,,,,,,,,,,,,
yandexdataschool,Practical_RL,,,,,,,,,,,,,,
leela-zero,leela-zero,,,,,,,,,,,,,,
gorgonia,gorgonia,,,,,,,,,,,,,,
flashlight,flashlight,,,,,,,,,,,,,,
tensorspace-team,tensorspace,,,,,,,,,,,,,,
XiaoMi,mace,,,,,,,,,,,,,,
blei-lab,edward,,,,,,,,,,,,,,
justadudewhohacks,opencv4nodejs,,,,,,,,,,,,,,
openvinotoolkit,openvino,,,,,,,,,,,,,,
mosaicml,composer,,,,,,,,,,,,,,
tensorflow,lucid,,,,,,,,,,,,,,
christophM,interpretable-ml-book,,,,,,,,,,,,,,
lucidrains,deep-daze,,,,,,,,,,,,,,
guofei9987,scikit-opt,,,,,,,,,,,,,,
fizyr,keras-retinanet,,,,,,,,,,,,,,
yinggaozhen,awesome-go-cn,,,,,,,,,,,,,,
pytorch,ignite,,,,,,,,,,,,,,
uber,causalml,,,,,,,,,,,,,,
IntelLabs,distiller,,,,,,,,,,,,,,
deep-learning-with-pytorch,dlwpt-code,,,,,,,,,,,,,,
makcedward,nlpaug,,,,,,,,,,,,,,
tensorflow,probability,,,,,,,,,,,,,,
PaddlePaddle,PaddleRec,,,,,,,,,,,,,,
NervanaSystems,neon,,,,,,,,,,,,,,
timeseriesAI,tsai,,,,,,,,,,,,,,
postgresml,postgresml,,,,,,,,,,,,,,
xenova,transformers.js,,,,,,,,,,,,,,
deepjavalibrary,djl,,,,,,,,,,,,,,
kwai,DouZero,,,,,,,,,,,,,,
lucidrains,x-transformers,,,,,,,,,,,,,,
burn-rs,burn,,,,,,,,,,,,,,
POSTECH-CVLab,PyTorch-StudioGAN,,,,,,,,,,,,,,
oneapi-src,oneDNN,,,,,,,,,,,,,,
catalyst-team,catalyst,,,,,,,,,,,,,,
py-why,EconML,,,,,,,,,,,,,,
briatte,awesome-network-analysis,,,,,,,,,,,,,,
leriomaggio,deep-learning-keras-tensorflow,,,,,,,,,,,,,,
IntelLabs,nlp-architect,,,,,,,,,,,,,,
google,deepvariant,,,,,,,,,,,,,,
Jittor,jittor,,,,,,,,,,,,,,
visionml,pytracking,,,,,,,,,,,,,,
jettify,pytorch-optimizer,,,,,,,,,,,,,,
opendilab,DI-engine,,,,,,,,,,,,,,
stellargraph,stellargraph,,,,,,,,,,,,,,
thuml,Transfer-Learning-Library,,,,,,,,,,,,,,
tensorflow,ranking,,,,,,,,,,,,,,
sony,nnabla,,,,,,,,,,,,,,
seandavi,awesome-single-cell,,,,,,,,,,,,,,
lightvector,KataGo,,,,,,,,,,,,,,
microsoft,forecasting,,,,,,,,,,,,,,
magenta,ddsp,,,,,,,,,,,,,,
zackchase,mxnet-the-straight-dope,,,,,,,,,,,,,,
shenweichen,DeepCTR-Torch,,,,,,,,,,,,,,
bethgelab,foolbox,,,,,,,,,,,,,,
microsoft,pai,,,,,,,,,,,,,,
jeeliz,jeelizFaceFilter,,,,,,,,,,,,,,
datamllab,rlcard,,,,,,,,,,,,,,
danielegrattarola,spektral,,,,,,,,,,,,,,
IntelLabs,coach,,,,,,,,,,,,,,
torch-points3d,torch-points3d,,,,,,,,,,,,,,
benedekrozemberczki,awesome-decision-tree-papers,,,,,,,,,,,,,,
rasbt,machine-learning-book,,,,,,,,,,,,,,
benedekrozemberczki,pytorch_geometric_temporal,,,,,,,,,,,,,,
LeelaChessZero,lc0,,,,,,,,,,,,,,
automl,Auto-PyTorch,,,,,,,,,,,,,,
niklasf,python-chess,,,,,,,,,,,,,,
open-mmlab,mmdeploy,,,,,,,,,,,,,,
NVIDIA,MinkowskiEngine,,,,,,,,,,,,,,
google,neural-tangents,,,,,,,,,,,,,,
mindee,doctr,,,,,,,,,,,,,,
Farama-Foundation,HighwayEnv,,,,,,,,,,,,,,
deepmind,mctx,,,,,,,,,,,,,,
graphistry,pygraphistry,,,,,,,,,,,,,,
PennyLaneAI,pennylane,,,,,,,,,,,,,,
pyro-ppl,numpyro,,,,,,,,,,,,,,
lululxvi,deepxde,,,,,,,,,,,,,,
minimaxir,automl-gs,,,,,,,,,,,,,,
RosettaCommons,RoseTTAFold,,,,,,,,,,,,,,
GauravBh1010tt,DeepLearn,,,,,,,,,,,,,,
GPflow,GPflow,,,,,,,,,,,,,,
neuralmagic,sparseml,,,,,,,,,,,,,,
ZiyaoGeng,RecLearn,,,,,,,,,,,,,,
PlayVoice,so-vits-svc-5.0,,,,,,,,,,,,,,
krasserm,bayesian-machine-learning,,,,,,,,,,,,,,
symisc,sod,,,,,,,,,,,,,,
prabhuomkar,pytorch-cpp,,,,,,,,,,,,,,
nihui,opencv-mobile,,,,,,,,,,,,,,
learning-at-home,hivemind,,,,,,,,,,,,,,
quic,aimet,,,,,,,,,,,,,,
neuralmagic,deepsparse,,,,,,,,,,,,,,
graph4ai,graph4nlp,,,,,,,,,,,,,,
VainF,Torch-Pruning,,,,,,,,,,,,,,
divelab,DIG,,,,,,,,,,,,,,
lucidrains,lightweight-gan,,,,,,,,,,,,,,
uTensor,uTensor,,,,,,,,,,,,,,
THUDM,CogDL,,,,,,,,,,,,,,
OpenImageDenoise,oidn,,,,,,,,,,,,,,
Xtra-Computing,thundersvm,,,,,,,,,,,,,,
natethegreate,hent-AI,,,,,,,,,,,,,,
chainer,chainercv,,,,,,,,,,,,,,
helblazer811,ManimML,,,,,,,,,,,,,,
tensorflow,mesh,,,,,,,,,,,,,,
ahmedfgad,GeneticAlgorithmPython,,,,,,,,,,,,,,
microsoft,NeuronBlocks,,,,,,,,,,,,,,
benedekrozemberczki,awesome-fraud-detection-papers,,,,,,,,,,,,,,
Harry24k,adversarial-attacks-pytorch,,,,,,,,,,,,,,
MilesCranmer,PySR,,,,,,,,,,,,,,
lucidrains,alphafold2,,,,,,,,,,,,,,
ericjang,tdb,,,,,,,,,,,,,,
NervanaSystems,ngraph,,,,,,,,,,,,,,
dmlc,decord,,,,,,,,,,,,,,
DragonComputer,Dragonfire,,,,,,,,,,,,,,
m2dsupsdlclass,lectures-labs,,,,,,,,,,,,,,
neomatrix369,awesome-ai-ml-dl,,,,,,,,,,,,,,
filipradenovic,cnnimageretrieval-pytorch,,,,,,,,,,,,,,
NifTK,NiftyNet,,,,,,,,,,,,,,
torrvision,crfasrnn,,,,,,,,,,,,,,
elixir-nx,axon,,,,,,,,,,,,,,
davisking,dlib-models,,,,,,,,,,,,,,
CalculatedContent,WeightWatcher,,,,,,,,,,,,,,
coreylowman,dfdx,,,,,,,,,,,,,,
Kotlin,kotlindl,,,,,,,,,,,,,,
linkedin,detext,,,,,,,,,,,,,,
capitalone,DataProfiler,,,,,,,,,,,,,,
ivan-vasilev,neuralnetworks,,,,,,,,,,,,,,
chemprop,chemprop,,,,,,,,,,,,,,
aigamedev,scikit-neuralnetwork,,,,,,,,,,,,,,
deepmind,optax,,,,,,,,,,,,,,
deepmodeling,deepmd-kit,,,,,,,,,,,,,,
shibing624,similarity,,,,,,,,,,,,,,
oskardudycz,ArchitectureWeekly,,,,,,,,,,,,,,
amaiya,ktrain,,,,,,,,,,,,,,
albermax,innvestigate,,,,,,,,,,,,,,
mila-iqia,blocks,,,,,,,,,,,,,,
zhanggyb,nndl,,,,,,,,,,,,,,
glouppe,info8010-deep-learning,,,,,,,,,,,,,,
KAIR-BAIR,nerfacc,,,,,,,,,,,,,,
interpretml,DiCE,,,,,,,,,,,,,,
facebookresearch,fastMRI,,,,,,,,,,,,,,
mratsim,Arraymancer,,,,,,,,,,,,,,
CPJKU,madmom,,,,,,,,,,,,,,
ljvmiranda921,pyswarms,,,,,,,,,,,,,,
jrzaurin,pytorch-widedeep,,,,,,,,,,,,,,
tfhe,tfhe,,,,,,,,,,,,,,
DiffEqML,torchdyn,,,,,,,,,,,,,,
Lucchetto,SuperImage,,,,,,,,,,,,,,
deepmind,rlax,,,,,,,,,,,,,,
novak-99,MLPP,,,,,,,,,,,,,,
tsurumeso,vocal-remover,,,,,,,,,,,,,,
takuseno,d3rlpy,,,,,,,,,,,,,,
DLTcollab,sse2neon,,,,,,,,,,,,,,
pygod-team,pygod,,,,,,,,,,,,,,
manujosephv,pytorch_tabular,,,,,,,,,,,,,,
wubinzzu,NeuRec,,,,,,,,,,,,,,
taehoonlee,tensornets,,,,,,,,,,,,,,